<?xml version="1.0" encoding="UTF-8"?>
<project-private xmlns="http://www.netbeans.org/ns/project-private/1">
    <editor-bookmarks xmlns="http://www.netbeans.org/ns/editor-bookmarks/2" lastBookmarkId="0"/>
    <open-files xmlns="http://www.netbeans.org/ns/projectui-open-files/2">
        <group>
            <file>file:/C:/Users/Dell/Documents/NetBeansProjects/ASSIGMENT_JAVA3/src/AssUI/model/User.java</file>
            <file>file:/C:/Users/Dell/Documents/NetBeansProjects/ASSIGMENT_JAVA3/src/AssUI/MainForm.java</file>
            <file>file:/C:/Users/Dell/Documents/NetBeansProjects/ASSIGMENT_JAVA3/src/AssUI/LoginDialog.java</file>
            <file>file:/C:/Users/Dell/Documents/NetBeansProjects/ASSIGMENT_JAVA3/src/AssUI/DAO/UserDao.java</file>
            <file>file:/C:/Users/Dell/Documents/NetBeansProjects/ASSIGMENT_JAVA3/src/AssUI/DAO/STUDENTSDao.java</file>
            <file>file:/C:/Users/Dell/Documents/NetBeansProjects/ASSIGMENT_JAVA3/src/AssUI/model/GRADE.java</file>
            <file>file:/C:/Users/Dell/Documents/NetBeansProjects/ASSIGMENT_JAVA3/src/AssUI/model/STUDENTS.java</file>
            <file>file:/C:/Users/Dell/Documents/NetBeansProjects/ASSIGMENT_JAVA3/src/AssUI/StudentMangementForm.java</file>
            <file>file:/C:/Users/Dell/Documents/NetBeansProjects/ASSIGMENT_JAVA3/src/AssUI/DAO/GRADEDao.java</file>
        </group>
    </open-files>
</project-private>
